mean_train_accuracy,mean_train_precision,mean_train_recall,mean_train_auc,mean_test_accuracy,mean_test_precision,mean_test_recall,mean_test_auc,std_train_accuracy,std_train_precision,std_train_recall,std_train_auc,std_test_accuracy,std_test_precision,std_test_recall,std_test_auc,CV folds,random seed,test size,classifier name,dim reducer,dim reduced to,classifier params,raw,stats features,bands features,channels
1.0,1.0,1.0,1.0,0.75,0.875,0.625,0.625,0.0,0.0,0.0,0.0,0.1767766952966369,0.21650635094610965,0.21650635094610965,0.21650635094610965,5.0,24.0,0.2,LinearSVC,None,-1,None,no,no,no,all
1.0,1.0,1.0,1.0,0.3125,0.1875,0.25,0.25,0.0,0.0,0.0,0.0,0.2072890493972125,0.2420614591379636,0.3535533905932738,0.3535533905932738,5.0,24.0,0.2,SVC,None,-1,None,no,no,no,all
1.0,1.0,1.0,1.0,0.4375,0.29166666666666663,0.375,0.625,0.0,0.0,0.0,0.0,0.34798527267687634,0.3886407938787006,0.4841229182759271,0.414578098794425,5.0,24.0,0.2,RandomForestClassifier,None,-1,None,no,no,no,all
1.0,1.0,1.0,1.0,0.5625,0.5625,0.625,0.5,0.0,0.0,0.0,0.0,0.10825317547305482,0.2997394702070449,0.33071891388307384,0.33071891388307384,5.0,24.0,0.2,AdaBoostClassifier,None,-1,None,no,no,no,all
1.0,1.0,1.0,1.0,0.5625,0.5,0.5,0.625,0.0,0.0,0.0,0.0,0.3903123748998999,0.4330127018922193,0.4330127018922193,0.414578098794425,5.0,24.0,0.2,ExtraTreesClassifier,None,-1,None,no,no,no,all
1.0,1.0,1.0,1.0,0.5,0.4583333333333333,0.5,0.5,0.0,0.0,0.0,0.0,0.21650635094610965,0.26020824993326663,0.25,0.39528470752104733,5.0,24.0,0.2,GradientBoostingClassifier,None,-1,None,no,no,no,all
1.0,1.0,1.0,1.0,0.5625,0.4791666666666666,0.5,0.65625,0.0,0.0,0.0,0.0,0.2072890493972125,0.4034357652299392,0.4330127018922193,0.3890593624371479,5.0,24.0,0.2,XGBClassifier,None,-1,None,no,no,no,all
0.7,0.7523809523809525,0.5857142857142857,0.7641156462585035,0.4375,0.3958333333333333,0.625,0.4375,0.10251928638862373,0.16399214626402442,0.2355097717881569,0.1382597625885381,0.10825317547305482,0.16535945694153692,0.33071891388307384,0.10825317547305482,5.0,24.0,0.2,KNeighborsClassifier,None,-1,None,no,no,no,all
0.8761904761904761,0.8630952380952381,0.9047619047619048,0.972562358276644,0.375,0.3125,0.5,0.1875,0.056644653587477715,0.08074202360863414,0.07824607964359515,0.0346011239187528,0.2795084971874737,0.26922599965250177,0.4330127018922193,0.3247595264191645,5.0,24.0,0.2,GaussianNB,None,-1,None,no,no,no,all
1.0,1.0,1.0,1.0,0.5,0.4375,0.625,0.5625,0.0,0.0,0.0,7.021666937153402e-17,0.1767766952966369,0.2030582155168534,0.33071891388307384,0.44633927678392815,5.0,24.0,0.2,Stacking,None,-1,None,no,no,no,all
1.0,1.0,1.0,1.0,0.5,0.3125,0.375,0.6875,0.0,0.0,0.0,0.0,0.21650635094610965,0.34798527267687634,0.414578098794425,0.2072890493972125,5.0,24.0,0.2,LinearSVC,None,-1,None,no,no,no,Cz
1.0,1.0,1.0,1.0,0.5625,0.4166666666666666,0.75,0.75,0.0,0.0,0.0,0.0,0.10825317547305482,0.25,0.4330127018922193,0.25,5.0,24.0,0.2,SVC,None,-1,None,no,no,no,Cz
1.0,1.0,1.0,1.0,0.75,0.7916666666666666,0.75,0.6875,0.0,0.0,0.0,0.0,0.1767766952966369,0.21650635094610965,0.25,0.2072890493972125,5.0,24.0,0.2,RandomForestClassifier,None,-1,None,no,no,no,Cz
1.0,1.0,1.0,1.0,0.5,0.1875,0.25,0.5625,0.0,0.0,0.0,7.021666937153402e-17,0.21650635094610965,0.34798527267687634,0.4330127018922193,0.2576941016011038,5.0,24.0,0.2,AdaBoostClassifier,None,-1,None,no,no,no,Cz
1.0,1.0,1.0,1.0,0.6875,0.5416666666666666,0.625,0.6875,0.0,0.0,0.0,0.0,0.2072890493972125,0.3608439182435161,0.414578098794425,0.2072890493972125,5.0,24.0,0.2,ExtraTreesClassifier,None,-1,None,no,no,no,Cz
1.0,1.0,1.0,1.0,0.6875,0.7291666666666666,0.75,0.6875,0.0,0.0,0.0,0.0,0.16535945694153692,0.2194927865177654,0.25,0.2072890493972125,5.0,24.0,0.2,GradientBoostingClassifier,None,-1,None,no,no,no,Cz
0.938095238095238,0.9666666666666668,0.9095238095238096,0.9944444444444444,0.75,0.7916666666666666,0.75,0.78125,0.06135285107964344,0.06666666666666665,0.07438333024673005,0.011111111111111072,0.1767766952966369,0.21650635094610965,0.25,0.2557922741210141,5.0,24.0,0.2,XGBClassifier,None,-1,None,no,no,no,Cz
0.7523809523809524,0.8166666666666668,0.6857142857142857,0.8057823129251702,0.5625,0.375,0.375,0.625,0.08192690730516787,0.11055415967851334,0.20503857277724752,0.06602432265902765,0.2724311839712921,0.414578098794425,0.414578098794425,0.21650635094610965,5.0,24.0,0.2,KNeighborsClassifier,None,-1,None,no,no,no,Cz
0.8976190476190476,0.9,0.9095238095238096,0.9629251700680272,0.625,0.5416666666666666,0.625,0.5625,0.0963035638864604,0.1224744871391589,0.07438333024673005,0.03312443217398598,0.2795084971874737,0.3608439182435161,0.414578098794425,0.2724311839712921,5.0,24.0,0.2,GaussianNB,None,-1,None,no,no,no,Cz
1.0,1.0,1.0,1.0,0.625,0.6041666666666666,0.75,0.6875,0.0,0.0,0.0,0.0,0.1767766952966369,0.16535945694153692,0.25,0.2576941016011038,5.0,24.0,0.2,Stacking,None,-1,None,no,no,no,Cz
1.0,1.0,1.0,1.0,0.625,0.4166666666666666,0.5,0.875,0.0,0.0,0.0,0.0,0.1767766952966369,0.3535533905932737,0.4330127018922193,0.125,5.0,24.0,0.2,LinearSVC,None,-1,None,no,no,no,FCz
1.0,1.0,1.0,1.0,0.625,0.5,0.5,0.6875,0.0,0.0,0.0,0.0,0.21650635094610965,0.3535533905932738,0.3535533905932738,0.2072890493972125,5.0,24.0,0.2,SVC,None,-1,None,no,no,no,FCz
1.0,1.0,1.0,1.0,0.75,0.5833333333333333,0.75,0.875,0.0,0.0,0.0,0.0,0.1767766952966369,0.3632415786283894,0.4330127018922193,0.125,5.0,24.0,0.2,RandomForestClassifier,None,-1,None,no,no,no,FCz
1.0,1.0,1.0,1.0,0.625,0.4375,0.375,0.8125,0.0,0.0,0.0,0.0,0.1767766952966369,0.4635124054434789,0.414578098794425,0.2420614591379636,5.0,24.0,0.2,AdaBoostClassifier,None,-1,None,no,no,no,FCz
1.0,1.0,1.0,1.0,0.75,0.7916666666666666,0.75,0.8125,0.0,0.0,0.0,0.0,0.1767766952966369,0.21650635094610965,0.25,0.2072890493972125,5.0,24.0,0.2,ExtraTreesClassifier,None,-1,None,no,no,no,FCz
1.0,1.0,1.0,1.0,0.75,0.6041666666666666,0.75,0.8125,0.0,0.0,0.0,0.0,0.21650635094610965,0.3903123748998999,0.4330127018922193,0.2420614591379636,5.0,24.0,0.2,GradientBoostingClassifier,None,-1,None,no,no,no,FCz
1.0,1.0,1.0,1.0,0.8125,0.6875,0.75,0.8125,0.0,0.0,0.0,0.0,0.2420614591379636,0.4284784125250653,0.4330127018922193,0.2420614591379636,5.0,24.0,0.2,XGBClassifier,None,-1,None,no,no,no,FCz
0.8285714285714286,0.8380952380952381,0.8142857142857143,0.8982426303854876,0.75,0.75,0.625,0.78125,0.023328473740792173,0.009523809523809488,0.05084322977157767,0.027177204212973486,0.21650635094610965,0.3535533905932738,0.33071891388307384,0.22316963839196408,5.0,24.0,0.2,KNeighborsClassifier,None,-1,None,no,no,no,FCz
0.9571428571428572,1.0,0.9142857142857144,1.0,0.5625,0.4791666666666666,0.5,0.75,0.05714285714285716,0.0,0.11428571428571427,0.0,0.2072890493972125,0.4034357652299392,0.4330127018922193,0.25,5.0,24.0,0.2,GaussianNB,None,-1,None,no,no,no,FCz
1.0,1.0,1.0,1.0,0.6875,0.5208333333333333,0.75,0.90625,0.0,0.0,0.0,0.0,0.16535945694153692,0.3274215342812857,0.4330127018922193,0.10364452469860624,5.0,24.0,0.2,Stacking,None,-1,None,no,no,no,FCz
0.911904761904762,0.866984126984127,1.0,1.0,0.4375,0.3958333333333333,0.5,0.5,0.0830266465436319,0.11943598029389182,0.0,0.0,0.2420614591379636,0.2997394702070449,0.3535533905932738,0.30618621784789724,5.0,24.0,0.2,LinearSVC,None,-1,None,no,no,no,Fz
1.0,1.0,1.0,1.0,0.4375,0.25,0.25,0.4375,0.0,0.0,0.0,0.0,0.10825317547305482,0.25,0.25,0.3247595264191645,5.0,24.0,0.2,SVC,None,-1,None,no,no,no,Fz
1.0,1.0,1.0,1.0,0.5,0.4375,0.625,0.25,0.0,0.0,0.0,0.0,0.1767766952966369,0.2030582155168534,0.33071891388307384,0.25,5.0,24.0,0.2,RandomForestClassifier,None,-1,None,no,no,no,Fz
1.0,1.0,1.0,1.0,0.3125,0.3125,0.5,0.125,0.0,0.0,0.0,4.965068306494546e-17,0.2420614591379636,0.2420614591379636,0.4330127018922193,0.21650635094610965,5.0,24.0,0.2,AdaBoostClassifier,None,-1,None,no,no,no,Fz
1.0,1.0,1.0,1.0,0.4375,0.3958333333333333,0.625,0.4375,0.0,0.0,0.0,0.0,0.10825317547305482,0.16535945694153692,0.33071891388307384,0.2724311839712921,5.0,24.0,0.2,ExtraTreesClassifier,None,-1,None,no,no,no,Fz
1.0,1.0,1.0,1.0,0.4375,0.375,0.5,0.25,0.0,0.0,0.0,4.965068306494546e-17,0.16535945694153692,0.21650635094610965,0.3535533905932738,0.1767766952966369,5.0,24.0,0.2,GradientBoostingClassifier,None,-1,None,no,no,no,Fz
0.9666666666666668,0.9666666666666668,0.9666666666666668,0.9944444444444444,0.375,0.2708333333333333,0.375,0.375,0.06666666666666665,0.06666666666666665,0.06666666666666665,0.011111111111111072,0.125,0.21949278651776535,0.33071891388307384,0.21650635094610965,5.0,24.0,0.2,XGBClassifier,None,-1,None,no,no,no,Fz
0.5380952380952381,0.5333333333333333,0.7285714285714284,0.5659297052154195,0.5625,0.4791666666666666,0.75,0.65625,0.11722412976277305,0.09189365834726812,0.16605329308726374,0.0829188172699928,0.10825317547305482,0.1943203969393503,0.3535533905932738,0.2049199538844375,5.0,24.0,0.2,KNeighborsClassifier,None,-1,None,no,no,no,Fz
0.8619047619047618,0.7955555555555556,1.0,0.9054421768707483,0.5,0.4375,0.625,0.5625,0.07284313590846835,0.10525688740257816,0.0,0.062379299692661684,0.0,0.16535945694153692,0.33071891388307384,0.2724311839712921,5.0,24.0,0.2,GaussianNB,None,-1,None,no,no,no,Fz
1.0,1.0,1.0,1.0,0.4375,0.3958333333333333,0.625,0.3125,0.0,0.0,0.0,0.0,0.10825317547305482,0.16535945694153692,0.33071891388307384,0.2072890493972125,5.0,24.0,0.2,Stacking,None,-1,None,no,no,no,Fz
0.8285714285714285,0.9055555555555556,0.7809523809523811,0.9666666666666668,0.5625,0.35416666666666663,0.5,0.5625,0.05763675446147715,0.11600340565456164,0.21049558195524135,0.06666666666666668,0.10825317547305482,0.2818281095514309,0.4330127018922193,0.36975498644372606,5.0,24.0,0.2,LinearSVC,None,-1,None,no,yes,yes,all
1.0,1.0,1.0,1.0,0.5,0.5,1.0,0.5,0.0,0.0,0.0,0.0,0.0,0.0,0.0,0.0,5.0,24.0,0.2,SVC,None,-1,None,no,yes,yes,all
1.0,1.0,1.0,1.0,0.75,0.75,0.625,0.875,0.0,0.0,0.0,0.0,0.21650635094610965,0.3535533905932738,0.33071891388307384,0.21650635094610965,5.0,24.0,0.2,RandomForestClassifier,None,-1,None,no,yes,yes,all
1.0,1.0,1.0,1.0,0.75,0.7916666666666666,0.75,0.75,0.0,0.0,0.0,0.0,0.30618621784789724,0.33071891388307384,0.3535533905932738,0.30618621784789724,5.0,24.0,0.2,AdaBoostClassifier,None,-1,None,no,yes,yes,all
1.0,1.0,1.0,1.0,0.875,0.875,0.875,0.875,0.0,0.0,0.0,0.0,0.21650635094610965,0.21650635094610965,0.21650635094610965,0.21650635094610965,5.0,24.0,0.2,ExtraTreesClassifier,None,-1,None,no,yes,yes,all
1.0,1.0,1.0,1.0,0.8125,0.875,0.75,0.84375,0.0,0.0,0.0,0.0,0.2072890493972125,0.21650635094610965,0.25,0.2049199538844375,5.0,24.0,0.2,GradientBoostingClassifier,None,-1,None,no,yes,yes,all
1.0,1.0,1.0,1.0,0.75,0.6666666666666666,0.75,0.75,0.0,0.0,0.0,0.0,0.21650635094610965,0.3227486121839514,0.3535533905932738,0.21650635094610965,5.0,24.0,0.2,XGBClassifier,None,-1,None,no,yes,yes,all
0.7785714285714286,1.0,0.5571428571428572,0.8745464852607711,0.6875,0.625,0.375,0.6875,0.10033955955097844,0.0,0.20067911910195696,0.04998495770767717,0.16535945694153692,0.4841229182759271,0.33071891388307384,0.3125,5.0,24.0,0.2,KNeighborsClassifier,None,-1,None,no,yes,yes,all
1.0,1.0,1.0,1.0,0.875,0.875,0.875,0.90625,0.0,0.0,0.0,0.0,0.21650635094610965,0.21650635094610965,0.21650635094610965,0.16237976320958225,5.0,24.0,0.2,GaussianNB,None,-1,None,no,yes,yes,all
1.0,1.0,1.0,1.0,0.875,0.875,0.875,0.9375,0.0,0.0,0.0,0.0,0.21650635094610965,0.21650635094610965,0.21650635094610965,0.10825317547305482,5.0,24.0,0.2,Stacking,None,-1,None,no,yes,yes,all
0.6619047619047619,0.633999333999334,0.9333333333333332,0.8513605442176871,0.5625,0.5625,0.75,0.625,0.10926470386270257,0.12022900355643035,0.08164965809277258,0.02485657978420813,0.16535945694153692,0.16535945694153692,0.25,0.21650635094610965,5.0,24.0,0.2,LinearSVC,None,-1,None,no,yes,yes,Cz
1.0,1.0,1.0,1.0,0.4375,0.4583333333333333,0.875,0.375,0.0,0.0,0.0,0.0,0.10825317547305482,0.07216878364870323,0.21650635094610965,0.125,5.0,24.0,0.2,SVC,None,-1,None,no,yes,yes,Cz
1.0,1.0,1.0,1.0,0.3125,0.3125,0.5,0.1875,0.0,0.0,0.0,0.0,0.2997394702070449,0.26922599965250177,0.4330127018922193,0.2072890493972125,5.0,24.0,0.2,RandomForestClassifier,None,-1,None,no,yes,yes,Cz
1.0,1.0,1.0,1.0,0.5,0.375,0.5,0.34375,0.0,0.0,0.0,0.0,0.1767766952966369,0.2465033242958173,0.3535533905932738,0.3232525135246438,5.0,24.0,0.2,AdaBoostClassifier,None,-1,None,no,yes,yes,Cz
1.0,1.0,1.0,1.0,0.125,0.08333333333333333,0.125,0.125,0.0,0.0,0.0,0.0,0.125,0.14433756729740646,0.21650635094610965,0.21650635094610965,5.0,24.0,0.2,ExtraTreesClassifier,None,-1,None,no,yes,yes,Cz
1.0,1.0,1.0,1.0,0.375,0.25,0.375,0.3125,0.0,0.0,0.0,0.0,0.2795084971874737,0.2763853991962833,0.414578098794425,0.40983990776887497,5.0,24.0,0.2,GradientBoostingClassifier,None,-1,None,no,yes,yes,Cz
1.0,1.0,1.0,1.0,0.4375,0.25,0.375,0.3125,0.0,0.0,0.0,0.0,0.2072890493972125,0.2763853991962833,0.414578098794425,0.40983990776887497,5.0,24.0,0.2,XGBClassifier,None,-1,None,no,yes,yes,Cz
0.6619047619047619,0.7520634920634921,0.5904761904761905,0.6841836734693878,0.3125,0.125,0.125,0.3125,0.10926470386270257,0.16829708941292684,0.22807485742529615,0.08015608407785745,0.3247595264191645,0.33071891388307384,0.33071891388307384,0.3247595264191645,5.0,24.0,0.2,KNeighborsClassifier,None,-1,None,no,yes,yes,Cz
0.8309523809523809,0.91,0.7523809523809524,0.9643990929705216,0.5,0.3125,0.5,0.1875,0.07119007803679073,0.11135528725660043,0.11328930717495544,0.031872117606919,0.1767766952966369,0.26922599965250177,0.4330127018922193,0.3247595264191645,5.0,24.0,0.2,GaussianNB,None,-1,None,no,yes,yes,Cz
1.0,1.0,1.0,1.0,0.25,0.25,0.375,0.21875,0.0,0.0,0.0,4.965068306494546e-17,0.30618621784789724,0.2763853991962833,0.414578098794425,0.22316963839196408,5.0,24.0,0.2,Stacking,None,-1,None,no,yes,yes,Cz
0.7690476190476191,0.8833333333333334,0.7142857142857142,0.8910430839002267,0.4375,0.125,0.125,0.625,0.14708043058552855,0.1632993161855452,0.3155098813995704,0.08274034316623675,0.2724311839712921,0.33071891388307384,0.33071891388307384,0.33071891388307384,5.0,24.0,0.2,LinearSVC,None,-1,None,no,yes,yes,FCz
1.0,1.0,1.0,1.0,0.5,0.5,1.0,0.5,0.0,0.0,0.0,0.0,0.0,0.0,0.0,0.0,5.0,24.0,0.2,SVC,None,-1,None,no,yes,yes,FCz
1.0,1.0,1.0,1.0,0.4375,0.3125,0.375,0.375,0.0,0.0,0.0,0.0,0.10825317547305482,0.2420614591379636,0.33071891388307384,0.33071891388307384,5.0,24.0,0.2,RandomForestClassifier,None,-1,None,no,yes,yes,FCz
1.0,1.0,1.0,1.0,0.5625,0.4166666666666666,0.5,0.6875,0.0,0.0,0.0,0.0,0.2420614591379636,0.3535533905932737,0.4330127018922193,0.2420614591379636,5.0,24.0,0.2,AdaBoostClassifier,None,-1,None,no,yes,yes,FCz
1.0,1.0,1.0,1.0,0.4375,0.3125,0.375,0.40625,0.0,0.0,0.0,0.0,0.2420614591379636,0.34798527267687634,0.414578098794425,0.3890593624371479,5.0,24.0,0.2,ExtraTreesClassifier,None,-1,None,no,yes,yes,FCz
1.0,1.0,1.0,1.0,0.5625,0.5,0.375,0.5625,0.0,0.0,0.0,0.0,0.2420614591379636,0.4330127018922193,0.33071891388307384,0.16535945694153692,5.0,24.0,0.2,GradientBoostingClassifier,None,-1,None,no,yes,yes,FCz
1.0,1.0,1.0,1.0,0.375,0.29166666666666663,0.375,0.3125,0.0,0.0,0.0,0.0,0.375,0.3886407938787006,0.4841229182759271,0.40983990776887497,5.0,24.0,0.2,XGBClassifier,None,-1,None,no,yes,yes,FCz
0.6571428571428571,0.6590476190476191,0.6285714285714286,0.6480725623582767,0.5625,0.625,0.625,0.5,0.07038926428140231,0.05125190113170939,0.14646244284980667,0.09978686646832054,0.2724311839712921,0.33071891388307384,0.33071891388307384,0.30618621784789724,5.0,24.0,0.2,KNeighborsClassifier,None,-1,None,no,yes,yes,FCz
0.8904761904761905,0.9666666666666668,0.8142857142857143,0.9328798185941044,0.625,0.5416666666666666,0.625,0.6875,0.06494372236659933,0.06666666666666665,0.11703053073756675,0.042551913108667454,0.2795084971874737,0.3608439182435161,0.414578098794425,0.3247595264191645,5.0,24.0,0.2,GaussianNB,None,-1,None,no,yes,yes,FCz
1.0,1.0,1.0,1.0,0.5,0.4375,0.625,0.34375,0.0,0.0,0.0,0.0,0.2795084971874737,0.3220755173695897,0.414578098794425,0.3465792658252943,5.0,24.0,0.2,Stacking,None,-1,None,no,yes,yes,FCz
0.6738095238095237,0.7116666666666667,0.7666666666666667,0.7546485260770975,0.5,0.375,0.625,0.4375,0.06004533434723092,0.14640127503998498,0.3195802235345241,0.032548569898858966,0.0,0.21650635094610965,0.414578098794425,0.2724311839712921,5.0,24.0,0.2,LinearSVC,None,-1,None,no,yes,yes,Fz
1.0,1.0,1.0,1.0,0.4375,0.4375,0.875,0.375,0.0,0.0,0.0,0.0,0.16535945694153692,0.16535945694153692,0.33071891388307384,0.1767766952966369,5.0,24.0,0.2,SVC,None,-1,None,no,yes,yes,Fz
1.0,1.0,1.0,1.0,0.25,0.2708333333333333,0.375,0.375,0.0,0.0,0.0,0.0,0.21650635094610965,0.21949278651776535,0.33071891388307384,0.375,5.0,24.0,0.2,RandomForestClassifier,None,-1,None,no,yes,yes,Fz
1.0,1.0,1.0,1.0,0.3125,0.2708333333333333,0.375,0.1875,0.0,0.0,0.0,0.0,0.16535945694153692,0.21949278651776535,0.33071891388307384,0.10825317547305482,5.0,24.0,0.2,AdaBoostClassifier,None,-1,None,no,yes,yes,Fz
1.0,1.0,1.0,1.0,0.5625,0.5833333333333333,0.625,0.5625,0.0,0.0,0.0,0.0,0.36975498644372606,0.3535533905932738,0.33071891388307384,0.44633927678392815,5.0,24.0,0.2,ExtraTreesClassifier,None,-1,None,no,yes,yes,Fz
1.0,1.0,1.0,1.0,0.25,0.14583333333333331,0.25,0.09375,0.0,0.0,0.0,0.0,0.125,0.1943203969393503,0.3535533905932738,0.10364452469860624,5.0,24.0,0.2,GradientBoostingClassifier,None,-1,None,no,yes,yes,Fz
1.0,1.0,1.0,1.0,0.25,0.22916666666666666,0.375,0.125,0.0,0.0,0.0,0.0,0.125,0.1851707170274081,0.33071891388307384,0.125,5.0,24.0,0.2,XGBClassifier,None,-1,None,no,yes,yes,Fz
0.6380952380952382,0.6719047619047618,0.5999999999999999,0.6859410430839002,0.5,0.5,0.5,0.5,0.050282647814149685,0.0924398437717919,0.09331389496316868,0.08862051090306533,0.2795084971874737,0.37267799624996495,0.3535533905932738,0.2795084971874737,5.0,24.0,0.2,KNeighborsClassifier,None,-1,None,no,yes,yes,Fz
0.9095238095238096,0.9114285714285714,0.938095238095238,0.972562358276644,0.25,0.2083333333333333,0.25,0.375,0.06925256939166184,0.11931778867326345,0.0761904761904762,0.02640920337694452,0.21650635094610965,0.21650635094610968,0.25,0.375,5.0,24.0,0.2,GaussianNB,None,-1,None,no,yes,yes,Fz
1.0,1.0,1.0,1.0,0.1875,0.22916666666666666,0.375,0.34375,0.0,0.0,0.0,0.0,0.16535945694153692,0.1851707170274081,0.33071891388307384,0.3232525135246438,5.0,24.0,0.2,Stacking,None,-1,None,no,yes,yes,Fz
1.0,1.0,1.0,1.0,0.5,0.5,0.375,0.375,0.0,0.0,0.0,0.0,0.21650635094610965,0.3535533905932738,0.21650635094610965,0.2795084971874737,5.0,24.0,0.2,LinearSVC,None,-1,None,Yes,no,no,all
1.0,1.0,1.0,1.0,0.375,0.375,0.25,0.4375,0.0,0.0,0.0,0.0,0.2795084971874737,0.414578098794425,0.25,0.2724311839712921,5.0,24.0,0.2,LinearSVC,PCA,100,None,Yes,no,no,all
1.0,1.0,1.0,1.0,0.4375,0.4375,0.375,0.5625,0.0,0.0,0.0,0.0,0.2420614591379636,0.3903123748998999,0.33071891388307384,0.36975498644372606,5.0,24.0,0.2,SVC,None,-1,None,Yes,no,no,all
1.0,1.0,1.0,1.0,0.5625,0.5625,0.5,0.75,0.0,0.0,0.0,0.0,0.2420614591379636,0.3903123748998999,0.3535533905932738,0.25,5.0,24.0,0.2,SVC,PCA,100,None,Yes,no,no,all
1.0,1.0,1.0,1.0,0.5625,0.5,0.375,0.375,0.0,0.0,0.0,0.0,0.36975498644372606,0.5,0.414578098794425,0.414578098794425,5.0,24.0,0.2,RandomForestClassifier,None,-1,None,Yes,no,no,all
1.0,1.0,1.0,1.0,0.5625,0.4791666666666666,0.5,0.4375,0.0,0.0,0.0,0.0,0.2072890493972125,0.4034357652299392,0.4330127018922193,0.2724311839712921,5.0,24.0,0.2,RandomForestClassifier,PCA,100,None,Yes,no,no,all
1.0,1.0,1.0,1.0,0.3125,0.25,0.125,0.4375,0.0,0.0,0.0,0.0,0.2997394702070449,0.4330127018922193,0.21650635094610965,0.3903123748998999,5.0,24.0,0.2,AdaBoostClassifier,None,-1,None,Yes,no,no,all
1.0,1.0,1.0,1.0,0.5,0.375,0.5,0.4375,0.0,0.0,0.0,0.0,0.0,0.21650635094610965,0.3535533905932738,0.2724311839712921,5.0,24.0,0.2,AdaBoostClassifier,PCA,100,None,Yes,no,no,all
1.0,1.0,1.0,1.0,0.5625,0.625,0.5,0.625,0.0,0.0,0.0,0.0,0.36975498644372606,0.414578098794425,0.3535533905932738,0.414578098794425,5.0,24.0,0.2,ExtraTreesClassifier,None,-1,None,Yes,no,no,all
1.0,1.0,1.0,1.0,0.4375,0.4375,0.375,0.59375,0.0,0.0,0.0,0.0,0.2420614591379636,0.3903123748998999,0.33071891388307384,0.2981060004427955,5.0,24.0,0.2,ExtraTreesClassifier,PCA,100,None,Yes,no,no,all
1.0,1.0,1.0,1.0,0.375,0.5,0.25,0.3125,0.0,0.0,0.0,0.0,0.375,0.5,0.25,0.3247595264191645,5.0,24.0,0.2,GradientBoostingClassifier,None,-1,None,Yes,no,no,all
1.0,1.0,1.0,1.0,0.625,0.625,0.625,0.59375,0.0,0.0,0.0,0.0,0.1767766952966369,0.33071891388307384,0.33071891388307384,0.16237976320958225,5.0,24.0,0.2,GradientBoostingClassifier,PCA,100,None,Yes,no,no,all
1.0,1.0,1.0,1.0,0.3125,0.375,0.25,0.25,0.0,0.0,0.0,0.0,0.3247595264191645,0.414578098794425,0.25,0.30618621784789724,5.0,24.0,0.2,XGBClassifier,None,-1,None,Yes,no,no,all
0.9666666666666668,0.9666666666666668,0.9666666666666668,0.9944444444444444,0.375,0.25,0.375,0.4375,0.06666666666666668,0.06666666666666668,0.06666666666666668,0.011111111111111072,0.1767766952966369,0.25,0.414578098794425,0.2724311839712921,5.0,24.0,0.2,XGBClassifier,PCA,100,None,Yes,no,no,all
0.5880952380952381,0.6031746031746033,0.6571428571428571,0.5923469387755103,0.5,0.4166666666666666,0.625,0.5,0.12857142857142856,0.13700536906057198,0.04665694748158435,0.13588571361670634,0.2795084971874737,0.2763853991962833,0.414578098794425,0.2795084971874737,5.0,24.0,0.2,KNeighborsClassifier,None,-1,None,Yes,no,no,all
0.5880952380952381,0.6031746031746033,0.6571428571428571,0.5923469387755103,0.5,0.4166666666666666,0.625,0.5,0.12857142857142856,0.13700536906057198,0.04665694748158435,0.13588571361670634,0.2795084971874737,0.2763853991962833,0.414578098794425,0.2795084971874737,5.0,24.0,0.2,KNeighborsClassifier,PCA,100,None,Yes,no,no,all
1.0,1.0,1.0,1.0,0.5,0.4375,0.5,0.5,0.0,0.0,0.0,0.0,0.33071891388307384,0.3903123748998999,0.4330127018922193,0.33071891388307384,5.0,24.0,0.2,GaussianNB,None,-1,None,Yes,no,no,all
1.0,1.0,1.0,1.0,0.375,0.3958333333333333,0.375,0.5,0.0,0.0,0.0,0.0,0.25,0.3903123748998999,0.33071891388307384,0.3535533905932738,5.0,24.0,0.2,GaussianNB,PCA,100,None,Yes,no,no,all
1.0,1.0,1.0,1.0,0.3125,0.375,0.25,0.375,0.0,0.0,0.0,0.0,0.3247595264191645,0.414578098794425,0.25,0.414578098794425,5.0,24.0,0.2,Stacking,None,-1,None,Yes,no,no,all
1.0,1.0,1.0,1.0,0.4375,0.4375,0.5,0.5,0.0,0.0,0.0,0.0,0.2420614591379636,0.3903123748998999,0.4330127018922193,0.25,5.0,24.0,0.2,Stacking,None,-1,None,Yes,no,no,all
1.0,1.0,1.0,1.0,0.4375,0.25,0.5,0.6875,0.0,0.0,0.0,0.0,0.10825317547305482,0.25,0.5,0.3247595264191645,5.0,24.0,0.2,LinearSVC,None,-1,None,Yes,no,no,Cz
1.0,1.0,1.0,1.0,0.4375,0.25,0.5,0.625,0.0,0.0,0.0,0.0,0.10825317547305482,0.25,0.5,0.2795084971874737,5.0,24.0,0.2,LinearSVC,PCA,100,None,Yes,no,no,Cz
0.9833333333333332,0.9714285714285716,1.0,1.0,0.375,0.25,0.375,0.1875,0.03333333333333335,0.05714285714285716,0.0,0.0,0.21650635094610965,0.25,0.414578098794425,0.2072890493972125,5.0,24.0,0.2,SVC,None,-1,None,Yes,no,no,Cz
1.0,1.0,1.0,1.0,0.3125,0.0,0.0,0.125,0.0,0.0,0.0,0.0,0.2072890493972125,0.0,0.0,0.21650635094610965,5.0,24.0,0.2,SVC,PCA,100,None,Yes,no,no,Cz
1.0,1.0,1.0,1.0,0.375,0.2083333333333333,0.375,0.40625,0.0,0.0,0.0,0.0,0.1767766952966369,0.21650635094610968,0.414578098794425,0.2706329386826371,5.0,24.0,0.2,RandomForestClassifier,None,-1,None,Yes,no,no,Cz
1.0,1.0,1.0,1.0,0.4375,0.3125,0.625,0.4375,0.0,0.0,0.0,0.0,0.16535945694153692,0.2420614591379636,0.4841229182759271,0.36975498644372606,5.0,24.0,0.2,RandomForestClassifier,PCA,100,None,Yes,no,no,Cz
1.0,1.0,1.0,1.0,0.1875,0.08333333333333333,0.125,0.1875,0.0,0.0,0.0,0.0,0.16535945694153692,0.14433756729740646,0.21650635094610965,0.16535945694153692,5.0,24.0,0.2,AdaBoostClassifier,None,-1,None,Yes,no,no,Cz
1.0,1.0,1.0,1.0,0.6875,0.4583333333333333,0.625,0.5625,0.0,0.0,0.0,0.0,0.16535945694153692,0.3703414340548162,0.4841229182759271,0.3801726581436387,5.0,24.0,0.2,AdaBoostClassifier,PCA,100,None,Yes,no,no,Cz
1.0,1.0,1.0,1.0,0.375,0.16666666666666666,0.25,0.25,0.0,0.0,0.0,0.0,0.30618621784789724,0.2886751345948129,0.4330127018922193,0.21650635094610965,5.0,24.0,0.2,ExtraTreesClassifier,None,-1,None,Yes,no,no,Cz
1.0,1.0,1.0,1.0,0.5625,0.5208333333333333,0.875,0.375,0.0,0.0,0.0,0.0,0.2420614591379636,0.21143524093942126,0.33071891388307384,0.30618621784789724,5.0,24.0,0.2,ExtraTreesClassifier,PCA,100,None,Yes,no,no,Cz
1.0,1.0,1.0,1.0,0.1875,0.08333333333333333,0.125,0.25,0.0,0.0,0.0,0.0,0.16535945694153692,0.14433756729740646,0.21650635094610965,0.21650635094610965,5.0,24.0,0.2,GradientBoostingClassifier,None,-1,None,Yes,no,no,Cz
1.0,1.0,1.0,1.0,0.4375,0.29166666666666663,0.5,0.53125,0.0,0.0,0.0,0.0,0.2724311839712921,0.2975595178559521,0.5,0.33511891546136274,5.0,24.0,0.2,GradientBoostingClassifier,PCA,100,None,Yes,no,no,Cz
1.0,1.0,1.0,1.0,0.25,0.125,0.125,0.25,0.0,0.0,0.0,0.0,0.21650635094610965,0.21650635094610965,0.21650635094610965,0.21650635094610965,5.0,24.0,0.2,XGBClassifier,None,-1,None,Yes,no,no,Cz
0.9833333333333332,0.9714285714285716,1.0,1.0,0.6875,0.6666666666666666,0.875,0.625,0.03333333333333335,0.05714285714285716,0.0,0.0,0.3247595264191645,0.3227486121839514,0.33071891388307384,0.33071891388307384,5.0,24.0,0.2,XGBClassifier,PCA,100,None,Yes,no,no,Cz
0.6571428571428571,0.64,0.7809523809523811,0.6600907029478458,0.625,0.3958333333333333,0.625,0.5,0.011664236870396043,0.05612486080160913,0.1672777911452409,0.046538946378942285,0.125,0.3111080108972516,0.4841229182759271,0.21650635094610965,5.0,24.0,0.2,KNeighborsClassifier,None,-1,None,Yes,no,no,Cz
0.6571428571428571,0.64,0.7809523809523811,0.6600907029478458,0.625,0.3958333333333333,0.625,0.5,0.011664236870396043,0.05612486080160913,0.1672777911452409,0.046538946378942285,0.125,0.3111080108972516,0.4841229182759271,0.21650635094610965,5.0,24.0,0.2,KNeighborsClassifier,PCA,100,None,Yes,no,no,Cz
0.9714285714285716,1.0,0.9428571428571428,1.0,0.375,0.08333333333333333,0.125,0.4375,0.034992710611188235,0.0,0.06998542122237654,0.0,0.1767766952966369,0.14433756729740646,0.21650635094610965,0.2724311839712921,5.0,24.0,0.2,GaussianNB,None,-1,None,Yes,no,no,Cz
1.0,1.0,1.0,1.0,0.5,0.5,0.625,0.4375,0.0,0.0,0.0,0.0,0.21650635094610965,0.3535533905932738,0.414578098794425,0.36975498644372606,5.0,24.0,0.2,GaussianNB,PCA,100,None,Yes,no,no,Cz
1.0,1.0,1.0,1.0,0.3125,0.2083333333333333,0.375,0.0625,0.0,0.0,0.0,0.0,0.16535945694153692,0.21650635094610968,0.414578098794425,0.10825317547305482,5.0,24.0,0.2,Stacking,None,-1,None,Yes,no,no,Cz
1.0,1.0,1.0,1.0,0.5,0.4791666666666666,0.875,0.40625,0.0,0.0,0.0,0.0,0.21650635094610965,0.1943203969393503,0.33071891388307384,0.24003580462089397,5.0,24.0,0.2,Stacking,None,-1,None,Yes,no,no,Cz
1.0,1.0,1.0,1.0,0.4375,0.4375,0.5,0.5,0.0,0.0,0.0,0.0,0.3903123748998999,0.3903123748998999,0.4330127018922193,0.4330127018922193,5.0,24.0,0.2,LinearSVC,None,-1,None,Yes,no,no,FCz
1.0,1.0,1.0,1.0,0.375,0.3958333333333333,0.375,0.4375,0.0,0.0,0.0,0.0,0.25,0.3903123748998999,0.33071891388307384,0.44633927678392815,5.0,24.0,0.2,LinearSVC,PCA,100,None,Yes,no,no,FCz
0.9523809523809524,1.0,0.9047619047619048,1.0,0.5625,0.5208333333333333,0.5,0.5625,0.03912303982179759,0.0,0.07824607964359515,0.0,0.2420614591379636,0.4034357652299392,0.3535533905932738,0.44633927678392815,5.0,24.0,0.2,SVC,None,-1,None,Yes,no,no,FCz
1.0,1.0,1.0,1.0,0.5,0.5208333333333333,0.75,0.5625,0.0,0.0,0.0,0.0,0.2795084971874737,0.22726483572157735,0.25,0.36975498644372606,5.0,24.0,0.2,SVC,PCA,100,None,Yes,no,no,FCz
1.0,1.0,1.0,1.0,0.4375,0.4375,0.375,0.5625,0.0,0.0,0.0,0.0,0.34798527267687634,0.4635124054434789,0.414578098794425,0.36975498644372606,5.0,24.0,0.2,RandomForestClassifier,None,-1,None,Yes,no,no,FCz
1.0,1.0,1.0,1.0,0.5,0.5208333333333333,0.625,0.5,0.0,0.0,0.0,4.965068306494546e-17,0.33071891388307384,0.31663925319938885,0.33071891388307384,0.4330127018922193,5.0,24.0,0.2,RandomForestClassifier,PCA,100,None,Yes,no,no,FCz
1.0,1.0,1.0,1.0,0.625,0.4166666666666666,0.5,0.625,0.0,0.0,0.0,0.0,0.2795084971874737,0.4330127018922193,0.5,0.2795084971874737,5.0,24.0,0.2,AdaBoostClassifier,None,-1,None,Yes,no,no,FCz
1.0,1.0,1.0,1.0,0.625,0.4166666666666666,0.625,0.625,0.0,0.0,0.0,0.0,0.1767766952966369,0.3535533905932738,0.4841229182759271,0.1767766952966369,5.0,24.0,0.2,AdaBoostClassifier,PCA,100,None,Yes,no,no,FCz
1.0,1.0,1.0,1.0,0.4375,0.4375,0.375,0.375,0.0,0.0,0.0,0.0,0.34798527267687634,0.4635124054434789,0.414578098794425,0.414578098794425,5.0,24.0,0.2,ExtraTreesClassifier,None,-1,None,Yes,no,no,FCz
1.0,1.0,1.0,1.0,0.375,0.4791666666666666,0.5,0.375,0.0,0.0,0.0,0.0,0.25,0.3274215342812857,0.25,0.4841229182759271,5.0,24.0,0.2,ExtraTreesClassifier,PCA,100,None,Yes,no,no,FCz
1.0,1.0,1.0,1.0,0.5625,0.4166666666666666,0.5,0.75,0.0,0.0,0.0,0.0,0.36975498644372606,0.4330127018922193,0.5,0.4330127018922193,5.0,24.0,0.2,GradientBoostingClassifier,None,-1,None,Yes,no,no,FCz
1.0,1.0,1.0,1.0,0.625,0.4791666666666666,0.75,0.40625,0.0,0.0,0.0,4.965068306494546e-17,0.1767766952966369,0.31663925319938885,0.4330127018922193,0.3465792658252943,5.0,24.0,0.2,GradientBoostingClassifier,PCA,100,None,Yes,no,no,FCz
1.0,1.0,1.0,1.0,0.8125,0.6666666666666666,0.75,0.8125,0.0,0.0,0.0,0.0,0.2072890493972125,0.40824829046386296,0.4330127018922193,0.2072890493972125,5.0,24.0,0.2,XGBClassifier,None,-1,None,Yes,no,no,FCz
0.9666666666666666,0.9428571428571428,1.0,0.9944444444444444,0.4375,0.4375,0.625,0.59375,0.04082482904638632,0.06998542122237654,0.0,0.011111111111111115,0.34798527267687634,0.3220755173695897,0.414578098794425,0.3890593624371479,5.0,24.0,0.2,XGBClassifier,PCA,100,None,Yes,no,no,FCz
0.6547619047619048,0.6161904761904762,0.8761904761904763,0.7587301587301588,0.5625,0.4791666666666666,0.625,0.65625,0.08584645893961879,0.07238095238095238,0.0628138378965377,0.0728517383785798,0.2420614591379636,0.31663925319938885,0.414578098794425,0.2981060004427955,5.0,24.0,0.2,KNeighborsClassifier,None,-1,None,Yes,no,no,FCz
0.6547619047619048,0.6161904761904762,0.8761904761904763,0.7587301587301588,0.5625,0.4791666666666666,0.625,0.65625,0.08584645893961879,0.07238095238095238,0.0628138378965377,0.0728517383785798,0.2420614591379636,0.31663925319938885,0.414578098794425,0.2981060004427955,5.0,24.0,0.2,KNeighborsClassifier,PCA,100,None,Yes,no,no,FCz
0.9547619047619048,0.926984126984127,1.0,0.9547619047619048,0.4375,0.3125,0.25,0.5,0.05851526536878339,0.09288088151319236,0.0,0.058515265368783334,0.2072890493972125,0.4284784125250653,0.3535533905932738,0.30618621784789724,5.0,24.0,0.2,GaussianNB,None,-1,None,Yes,no,no,FCz
0.9857142857142858,0.975,1.0,1.0,0.4375,0.4791666666666666,0.625,0.4375,0.028571428571428564,0.05,0.0,0.0,0.34798527267687634,0.3274215342812857,0.33071891388307384,0.44633927678392815,5.0,24.0,0.2,GaussianNB,PCA,100,None,Yes,no,no,FCz
1.0,1.0,1.0,1.0,0.4375,0.35416666666666663,0.5,0.625,0.0,0.0,0.0,0.0,0.34798527267687634,0.3767321108338568,0.5,0.414578098794425,5.0,24.0,0.2,Stacking,None,-1,None,Yes,no,no,FCz
1.0,1.0,1.0,1.0,0.5,0.5416666666666666,0.75,0.40625,0.0,0.0,0.0,0.0,0.30618621784789724,0.2732266051792501,0.25,0.4624577683421482,5.0,24.0,0.2,Stacking,None,-1,None,Yes,no,no,FCz
1.0,1.0,1.0,1.0,0.5625,0.5625,0.5,0.6875,0.0,0.0,0.0,0.0,0.2420614591379636,0.3903123748998999,0.3535533905932738,0.3247595264191645,5.0,24.0,0.2,LinearSVC,None,-1,None,Yes,no,no,Fz
1.0,1.0,1.0,1.0,0.5625,0.5625,0.5,0.6875,0.0,0.0,0.0,0.0,0.2420614591379636,0.3903123748998999,0.3535533905932738,0.2724311839712921,5.0,24.0,0.2,LinearSVC,PCA,100,None,Yes,no,no,Fz
0.8761904761904761,0.8650793650793649,0.9047619047619048,0.9696145124716556,0.75,0.75,0.75,0.75,0.034173095462874566,0.07342878416647858,0.07824607964359515,0.030872747310512087,0.25,0.25,0.25,0.25,5.0,24.0,0.2,SVC,None,-1,None,Yes,no,no,Fz
1.0,1.0,1.0,1.0,0.5625,0.5625,0.5,0.375,0.0,0.0,0.0,0.0,0.2420614591379636,0.3903123748998999,0.3535533905932738,0.33071891388307384,5.0,24.0,0.2,SVC,PCA,100,None,Yes,no,no,Fz
1.0,1.0,1.0,1.0,0.625,0.625,0.5,0.6875,0.0,0.0,0.0,0.0,0.1767766952966369,0.33071891388307384,0.25,0.3247595264191645,5.0,24.0,0.2,RandomForestClassifier,None,-1,None,Yes,no,no,Fz
1.0,1.0,1.0,1.0,0.5,0.5208333333333333,0.5,0.5625,0.0,0.0,0.0,0.0,0.2795084971874737,0.4034357652299392,0.3535533905932738,0.36975498644372606,5.0,24.0,0.2,RandomForestClassifier,PCA,100,None,Yes,no,no,Fz
1.0,1.0,1.0,1.0,0.1875,0.08333333333333333,0.125,0.1875,0.0,0.0,0.0,0.0,0.16535945694153692,0.14433756729740646,0.21650635094610965,0.3247595264191645,5.0,24.0,0.2,AdaBoostClassifier,None,-1,None,Yes,no,no,Fz
1.0,1.0,1.0,1.0,0.6875,0.6666666666666666,0.625,0.6875,0.0,0.0,0.0,0.0,0.2724311839712921,0.40824829046386296,0.414578098794425,0.40983990776887497,5.0,24.0,0.2,AdaBoostClassifier,PCA,100,None,Yes,no,no,Fz
1.0,1.0,1.0,1.0,0.5,0.5208333333333333,0.5,0.625,0.0,0.0,0.0,0.0,0.1767766952966369,0.31663925319938885,0.25,0.375,5.0,24.0,0.2,ExtraTreesClassifier,None,-1,None,Yes,no,no,Fz
1.0,1.0,1.0,1.0,0.5625,0.5625,0.5,0.5,0.0,0.0,0.0,0.0,0.2420614591379636,0.3903123748998999,0.3535533905932738,0.39528470752104733,5.0,24.0,0.2,ExtraTreesClassifier,PCA,100,None,Yes,no,no,Fz
1.0,1.0,1.0,1.0,0.375,0.22916666666666666,0.375,0.1875,0.0,0.0,0.0,0.0,0.125,0.1851707170274081,0.33071891388307384,0.2420614591379636,5.0,24.0,0.2,GradientBoostingClassifier,None,-1,None,Yes,no,no,Fz
1.0,1.0,1.0,1.0,0.625,0.6041666666666666,0.625,0.5,0.0,0.0,0.0,0.0,0.25,0.3903123748998999,0.414578098794425,0.30618621784789724,5.0,24.0,0.2,GradientBoostingClassifier,PCA,100,None,Yes,no,no,Fz
1.0,1.0,1.0,1.0,0.375,0.14583333333333331,0.25,0.25,0.0,0.0,0.0,0.0,0.125,0.1943203969393503,0.3535533905932738,0.125,5.0,24.0,0.2,XGBClassifier,None,-1,None,Yes,no,no,Fz
0.9857142857142858,0.975,1.0,0.9959183673469388,0.5625,0.5625,0.5,0.5625,0.028571428571428564,0.05,0.0,0.008163265306122458,0.2420614591379636,0.3903123748998999,0.3535533905932738,0.36975498644372606,5.0,24.0,0.2,XGBClassifier,PCA,100,None,Yes,no,no,Fz
0.7690476190476192,0.7790476190476191,0.7523809523809525,0.7910997732426304,0.625,0.625,0.5,0.6875,0.05408484138857405,0.05426064584092997,0.06834619092574919,0.054022296156888035,0.2795084971874737,0.414578098794425,0.3535533905932738,0.2253469547164993,5.0,24.0,0.2,KNeighborsClassifier,None,-1,None,Yes,no,no,Fz
0.7690476190476192,0.7790476190476191,0.7523809523809525,0.7910997732426304,0.625,0.625,0.5,0.6875,0.05408484138857405,0.05426064584092997,0.06834619092574919,0.054022296156888035,0.2795084971874737,0.414578098794425,0.3535533905932738,0.2253469547164993,5.0,24.0,0.2,KNeighborsClassifier,PCA,100,None,Yes,no,no,Fz
0.9071428571428573,0.9130952380952382,0.9047619047619048,0.9291950113378686,0.5625,0.5833333333333333,0.625,0.625,0.058515265368783376,0.072178601862972,0.07824607964359515,0.03699795089990801,0.2724311839712921,0.25,0.21650635094610965,0.2338535866733713,5.0,24.0,0.2,GaussianNB,None,-1,None,Yes,no,no,Fz
1.0,1.0,1.0,1.0,0.5,0.5625,0.5,0.5,0.0,0.0,0.0,0.0,0.33071891388307384,0.3903123748998999,0.3535533905932738,0.39528470752104733,5.0,24.0,0.2,GaussianNB,PCA,100,None,Yes,no,no,Fz
1.0,1.0,1.0,1.0,0.4375,0.4791666666666666,0.5,0.59375,0.0,0.0,0.0,4.965068306494546e-17,0.2072890493972125,0.3274215342812857,0.25,0.3465792658252943,5.0,24.0,0.2,Stacking,None,-1,None,Yes,no,no,Fz
1.0,1.0,1.0,1.0,0.5625,0.5625,0.5,0.625,0.0,0.0,0.0,4.965068306494546e-17,0.2420614591379636,0.3903123748998999,0.3535533905932738,0.414578098794425,5.0,24.0,0.2,Stacking,None,-1,None,Yes,no,no,Fz
0.8738095238095237,0.92,0.880952380952381,0.9529478458049888,0.375,0.25,0.25,0.1875,0.113088972257504,0.16,0.10858813572372744,0.061880253967719484,0.21650635094610965,0.25,0.25,0.2072890493972125,5.0,24.0,0.2,LinearSVC,None,-1,None,Yes,yes,yes,all
0.9857142857142858,0.975,1.0,0.9714285714285716,0.1875,0.2083333333333333,0.25,0.125,0.028571428571428564,0.05,0.0,0.05714285714285713,0.2072890493972125,0.21650635094610968,0.25,0.125,5.0,24.0,0.2,LinearSVC,PCA,100,None,Yes,yes,yes,all
1.0,1.0,1.0,1.0,0.25,0.14583333333333331,0.25,0.125,0.0,0.0,0.0,0.0,0.21650635094610965,0.1943203969393503,0.3535533905932738,0.21650635094610965,5.0,24.0,0.2,SVC,None,-1,None,Yes,yes,yes,all
1.0,1.0,1.0,1.0,0.5,0.5,1.0,0.5,0.0,0.0,0.0,0.0,0.0,0.0,0.0,0.0,5.0,24.0,0.2,SVC,PCA,100,None,Yes,yes,yes,all
1.0,1.0,1.0,1.0,0.4375,0.25,0.25,0.3125,0.0,0.0,0.0,0.0,0.16535945694153692,0.25,0.25,0.2072890493972125,5.0,24.0,0.2,RandomForestClassifier,None,-1,None,Yes,yes,yes,all
1.0,1.0,1.0,1.0,0.25,0.25,0.125,0.25,0.0,0.0,0.0,0.0,0.30618621784789724,0.4330127018922193,0.21650635094610965,0.25,5.0,24.0,0.2,RandomForestClassifier,PCA,100,None,Yes,yes,yes,all
1.0,1.0,1.0,1.0,0.4375,0.3125,0.5,0.5625,0.0,0.0,0.0,0.0,0.2072890493972125,0.26922599965250177,0.4330127018922193,0.3247595264191645,5.0,24.0,0.2,AdaBoostClassifier,None,-1,None,Yes,yes,yes,all
1.0,1.0,1.0,1.0,0.3125,0.3333333333333333,0.375,0.21875,0.0,0.0,0.0,0.0,0.2072890493972125,0.2041241452319315,0.21650635094610965,0.13621559198564606,5.0,24.0,0.2,AdaBoostClassifier,PCA,100,None,Yes,yes,yes,all
1.0,1.0,1.0,1.0,0.5625,0.4166666666666666,0.5,0.5,0.0,0.0,0.0,0.0,0.2724311839712921,0.3535533905932737,0.4330127018922193,0.25,5.0,24.0,0.2,ExtraTreesClassifier,None,-1,None,Yes,yes,yes,all
1.0,1.0,1.0,1.0,0.3125,0.25,0.25,0.1875,0.0,0.0,0.0,0.0,0.2420614591379636,0.25,0.25,0.2072890493972125,5.0,24.0,0.2,ExtraTreesClassifier,PCA,100,None,Yes,yes,yes,all
1.0,1.0,1.0,1.0,0.4375,0.375,0.5,0.34375,0.0,0.0,0.0,0.0,0.2420614591379636,0.2465033242958173,0.3535533905932738,0.2706329386826371,5.0,24.0,0.2,GradientBoostingClassifier,None,-1,None,Yes,yes,yes,all
1.0,1.0,1.0,1.0,0.4375,0.29166666666666663,0.375,0.21875,0.0,0.0,0.0,4.965068306494546e-17,0.2724311839712921,0.2975595178559521,0.414578098794425,0.22316963839196408,5.0,24.0,0.2,GradientBoostingClassifier,PCA,100,None,Yes,yes,yes,all
1.0,1.0,1.0,1.0,0.4375,0.375,0.5,0.375,0.0,0.0,0.0,0.0,0.2420614591379636,0.2465033242958173,0.3535533905932738,0.2795084971874737,5.0,24.0,0.2,XGBClassifier,None,-1,None,Yes,yes,yes,all
0.9690476190476188,0.9714285714285716,0.9714285714285712,0.9959183673469388,0.3125,0.25,0.25,0.28125,0.0380952380952381,0.05714285714285716,0.05714285714285716,0.008163265306122413,0.2072890493972125,0.25,0.25,0.22316963839196408,5.0,24.0,0.2,XGBClassifier,PCA,100,None,Yes,yes,yes,all
0.6285714285714286,0.6211111111111112,0.6952380952380952,0.6374716553287982,0.5,0.375,0.5,0.5,0.08363889557262046,0.10099199332644834,0.1486141574697832,0.09110666953819382,0.2795084971874737,0.35108957388234824,0.4330127018922193,0.2795084971874737,5.0,24.0,0.2,KNeighborsClassifier,None,-1,None,Yes,yes,yes,all
0.6285714285714286,0.6211111111111112,0.6952380952380952,0.6374716553287982,0.5,0.375,0.5,0.5,0.08363889557262046,0.10099199332644834,0.1486141574697832,0.09110666953819382,0.2795084971874737,0.35108957388234824,0.4330127018922193,0.2795084971874737,5.0,24.0,0.2,KNeighborsClassifier,PCA,100,None,Yes,yes,yes,all
0.9690476190476188,1.0,0.938095238095238,0.9690476190476192,0.4375,0.16666666666666666,0.25,0.375,0.0380952380952381,0.0,0.0761904761904762,0.03809523809523807,0.2420614591379636,0.2886751345948129,0.4330127018922193,0.30618621784789724,5.0,24.0,0.2,GaussianNB,None,-1,None,Yes,yes,yes,all
1.0,1.0,1.0,1.0,0.3125,0.3333333333333333,0.5,0.375,0.0,0.0,0.0,0.0,0.2724311839712921,0.23570226039551584,0.3535533905932738,0.414578098794425,5.0,24.0,0.2,GaussianNB,PCA,100,None,Yes,yes,yes,all
1.0,1.0,1.0,1.0,0.4375,0.375,0.5,0.34375,0.0,0.0,0.0,0.0,0.2420614591379636,0.2465033242958173,0.3535533905932738,0.2049199538844375,5.0,24.0,0.2,Stacking,None,-1,None,Yes,yes,yes,all
1.0,1.0,1.0,1.0,0.375,0.375,0.5,0.25,0.0,0.0,0.0,0.0,0.2795084971874737,0.2465033242958173,0.3535533905932738,0.25,5.0,24.0,0.2,Stacking,None,-1,None,Yes,yes,yes,all
0.8928571428571429,0.8603174603174603,0.9714285714285712,0.9918367346938776,0.6875,0.6875,0.75,0.625,0.095831484749991,0.12910920258833494,0.05714285714285716,0.016326530612244868,0.2420614591379636,0.2420614591379636,0.25,0.33071891388307384,5.0,24.0,0.2,LinearSVC,None,-1,None,Yes,yes,yes,Cz
1.0,1.0,1.0,1.0,0.5625,0.4791666666666666,0.5,0.6875,0.0,0.0,0.0,0.0,0.2072890493972125,0.4034357652299392,0.4330127018922193,0.3247595264191645,5.0,24.0,0.2,LinearSVC,PCA,100,None,Yes,yes,yes,Cz
1.0,1.0,1.0,1.0,0.4375,0.3125,0.25,0.375,0.0,0.0,0.0,0.0,0.2724311839712921,0.4284784125250653,0.3535533905932738,0.33071891388307384,5.0,24.0,0.2,SVC,None,-1,None,Yes,yes,yes,Cz
1.0,1.0,1.0,1.0,0.5,0.5,1.0,0.5,0.0,0.0,0.0,0.0,0.0,0.0,0.0,0.0,5.0,24.0,0.2,SVC,PCA,100,None,Yes,yes,yes,Cz
1.0,1.0,1.0,1.0,0.375,0.29166666666666663,0.375,0.5,0.0,0.0,0.0,0.0,0.25,0.3090082702956526,0.33071891388307384,0.3535533905932738,5.0,24.0,0.2,RandomForestClassifier,None,-1,None,Yes,yes,yes,Cz
1.0,1.0,1.0,1.0,0.5625,0.4791666666666666,0.5,0.5625,0.0,0.0,0.0,0.0,0.2420614591379636,0.4034357652299392,0.4330127018922193,0.2724311839712921,5.0,24.0,0.2,RandomForestClassifier,PCA,100,None,Yes,yes,yes,Cz
1.0,1.0,1.0,1.0,0.5,0.4583333333333333,0.5,0.5625,0.0,0.0,0.0,0.0,0.30618621784789724,0.36084391824351614,0.3535533905932738,0.2724311839712921,5.0,24.0,0.2,AdaBoostClassifier,None,-1,None,Yes,yes,yes,Cz
1.0,1.0,1.0,1.0,0.5,0.5625,0.625,0.625,0.0,0.0,0.0,0.0,0.21650635094610965,0.2997394702070449,0.33071891388307384,0.33071891388307384,5.0,24.0,0.2,AdaBoostClassifier,PCA,100,None,Yes,yes,yes,Cz
1.0,1.0,1.0,1.0,0.375,0.35416666666666663,0.5,0.3125,0.0,0.0,0.0,0.0,0.125,0.15450413514782632,0.25,0.40983990776887497,5.0,24.0,0.2,ExtraTreesClassifier,None,-1,None,Yes,yes,yes,Cz
1.0,1.0,1.0,1.0,0.5625,0.7083333333333333,0.5,0.625,0.0,0.0,0.0,0.0,0.3247595264191645,0.3886407938787006,0.25,0.2795084971874737,5.0,24.0,0.2,ExtraTreesClassifier,PCA,100,None,Yes,yes,yes,Cz
1.0,1.0,1.0,1.0,0.5625,0.5,0.625,0.65625,0.0,0.0,0.0,0.0,0.2724311839712921,0.3535533905932738,0.414578098794425,0.2049199538844375,5.0,24.0,0.2,GradientBoostingClassifier,None,-1,None,Yes,yes,yes,Cz
1.0,1.0,1.0,1.0,0.5,0.5625,0.625,0.34375,0.0,0.0,0.0,0.0,0.21650635094610965,0.2997394702070449,0.33071891388307384,0.40864677595693816,5.0,24.0,0.2,GradientBoostingClassifier,PCA,100,None,Yes,yes,yes,Cz
1.0,1.0,1.0,1.0,0.5,0.375,0.375,0.625,0.0,0.0,0.0,0.0,0.21650635094610965,0.33071891388307384,0.33071891388307384,0.21650635094610965,5.0,24.0,0.2,XGBClassifier,None,-1,None,Yes,yes,yes,Cz
1.0,1.0,1.0,1.0,0.375,0.3333333333333333,0.625,0.625,0.0,0.0,0.0,0.0,0.125,0.2041241452319315,0.414578098794425,0.21650635094610965,5.0,24.0,0.2,XGBClassifier,PCA,100,None,Yes,yes,yes,Cz
0.7023809523809524,0.7190476190476189,0.6523809523809524,0.7679705215419502,0.5,0.375,0.375,0.65625,0.08109231602822096,0.030676425539821736,0.22517315081022649,0.05081642265702787,0.21650635094610965,0.414578098794425,0.414578098794425,0.3232525135246438,5.0,24.0,0.2,KNeighborsClassifier,None,-1,None,Yes,yes,yes,Cz
0.7023809523809524,0.7190476190476189,0.6523809523809524,0.7679705215419502,0.5,0.375,0.375,0.65625,0.08109231602822096,0.030676425539821736,0.22517315081022649,0.05081642265702787,0.21650635094610965,0.414578098794425,0.414578098794425,0.3232525135246438,5.0,24.0,0.2,KNeighborsClassifier,PCA,100,None,Yes,yes,yes,Cz
1.0,1.0,1.0,1.0,0.375,0.22916666666666666,0.375,0.46875,0.0,0.0,0.0,0.0,0.125,0.1851707170274081,0.33071891388307384,0.2557922741210141,5.0,24.0,0.2,GaussianNB,None,-1,None,Yes,yes,yes,Cz
0.9833333333333332,0.9714285714285716,1.0,1.0,0.5,0.5,0.625,0.5,0.03333333333333335,0.05714285714285716,0.0,0.0,0.30618621784789724,0.2763853991962833,0.33071891388307384,0.4330127018922193,5.0,24.0,0.2,GaussianNB,PCA,100,None,Yes,yes,yes,Cz
1.0,1.0,1.0,1.0,0.4375,0.3958333333333333,0.625,0.40625,0.0,0.0,0.0,7.021666937153402e-17,0.2420614591379636,0.2997394702070449,0.414578098794425,0.3465792658252943,5.0,24.0,0.2,Stacking,None,-1,None,Yes,yes,yes,Cz
1.0,1.0,1.0,1.0,0.4375,0.4375,0.625,0.5,0.0,0.0,0.0,0.0,0.16535945694153692,0.16535945694153692,0.33071891388307384,0.2651650429449553,5.0,24.0,0.2,Stacking,None,-1,None,Yes,yes,yes,Cz
0.8595238095238095,0.8114285714285714,0.9714285714285716,0.9792517006802722,0.5,0.4166666666666666,0.625,0.5,0.05450249115361712,0.107342670823824,0.05714285714285716,0.020601253340106814,0.21650635094610965,0.25,0.414578098794425,0.30618621784789724,5.0,24.0,0.2,LinearSVC,None,-1,None,Yes,yes,yes,FCz
0.9571428571428572,0.9464285714285716,0.9714285714285716,0.9510204081632652,0.5,0.4375,0.5,0.6875,0.05714285714285716,0.0658538889806635,0.05714285714285716,0.059987503904894136,0.0,0.16535945694153692,0.25,0.2072890493972125,5.0,24.0,0.2,LinearSVC,PCA,100,None,Yes,yes,yes,FCz
1.0,1.0,1.0,1.0,0.5,0.5,0.75,0.5,0.0,0.0,0.0,4.965068306494546e-17,0.0,0.0,0.25,0.25,5.0,24.0,0.2,SVC,None,-1,None,Yes,yes,yes,FCz
1.0,1.0,1.0,1.0,0.5,0.5,1.0,0.5,0.0,0.0,0.0,0.0,0.0,0.0,0.0,0.0,5.0,24.0,0.2,SVC,PCA,100,None,Yes,yes,yes,FCz
1.0,1.0,1.0,1.0,0.5625,0.4791666666666666,0.625,0.625,0.0,0.0,0.0,0.0,0.10825317547305482,0.1943203969393503,0.33071891388307384,0.21650635094610965,5.0,24.0,0.2,RandomForestClassifier,None,-1,None,Yes,yes,yes,FCz
1.0,1.0,1.0,1.0,0.5625,0.4791666666666666,0.625,0.46875,0.0,0.0,0.0,0.0,0.10825317547305482,0.1943203969393503,0.33071891388307384,0.31093357409581873,5.0,24.0,0.2,RandomForestClassifier,PCA,100,None,Yes,yes,yes,FCz
1.0,1.0,1.0,1.0,0.625,0.6041666666666666,0.75,0.6875,0.0,0.0,0.0,0.0,0.1767766952966369,0.16535945694153692,0.25,0.2072890493972125,5.0,24.0,0.2,AdaBoostClassifier,None,-1,None,Yes,yes,yes,FCz
1.0,1.0,1.0,1.0,0.5,0.4166666666666666,0.5,0.6875,0.0,0.0,0.0,0.0,0.21650635094610965,0.25,0.3535533905932738,0.3125,5.0,24.0,0.2,AdaBoostClassifier,PCA,100,None,Yes,yes,yes,FCz
1.0,1.0,1.0,1.0,0.375,0.35416666666666663,0.625,0.5,0.0,0.0,0.0,0.0,0.125,0.15450413514782632,0.33071891388307384,0.3535533905932738,5.0,24.0,0.2,ExtraTreesClassifier,None,-1,None,Yes,yes,yes,FCz
1.0,1.0,1.0,1.0,0.5625,0.4791666666666666,0.625,0.375,0.0,0.0,0.0,0.0,0.10825317547305482,0.1943203969393503,0.33071891388307384,0.21650635094610965,5.0,24.0,0.2,ExtraTreesClassifier,PCA,100,None,Yes,yes,yes,FCz
1.0,1.0,1.0,1.0,0.6875,0.6666666666666666,0.75,0.65625,0.0,0.0,0.0,0.0,0.2072890493972125,0.2041241452319315,0.25,0.2049199538844375,5.0,24.0,0.2,GradientBoostingClassifier,None,-1,None,Yes,yes,yes,FCz
1.0,1.0,1.0,1.0,0.5625,0.5,0.5,0.625,0.0,0.0,0.0,4.965068306494546e-17,0.2997394702070449,0.3535533905932738,0.3535533905932738,0.2931509849889644,5.0,24.0,0.2,GradientBoostingClassifier,PCA,100,None,Yes,yes,yes,FCz
1.0,1.0,1.0,1.0,0.5625,0.5,0.625,0.6875,0.0,0.0,0.0,0.0,0.2420614591379636,0.2763853991962833,0.33071891388307384,0.2072890493972125,5.0,24.0,0.2,XGBClassifier,None,-1,None,Yes,yes,yes,FCz
1.0,1.0,1.0,1.0,0.625,0.5416666666666666,0.625,0.75,0.0,0.0,0.0,0.0,0.1767766952966369,0.2602082499332666,0.33071891388307384,0.1767766952966369,5.0,24.0,0.2,XGBClassifier,PCA,100,None,Yes,yes,yes,FCz
0.6952380952380952,0.7880952380952381,0.5761904761904761,0.6764739229024943,0.375,0.125,0.25,0.5,0.10978230365141428,0.12697420596165127,0.2802655041821364,0.06584647093572091,0.1767766952966369,0.21650635094610965,0.4330127018922193,0.33071891388307384,5.0,24.0,0.2,KNeighborsClassifier,None,-1,None,Yes,yes,yes,FCz
0.6952380952380952,0.7880952380952381,0.5761904761904761,0.6764739229024943,0.375,0.125,0.25,0.5,0.10978230365141428,0.12697420596165127,0.2802655041821364,0.06584647093572091,0.1767766952966369,0.21650635094610965,0.4330127018922193,0.33071891388307384,5.0,24.0,0.2,KNeighborsClassifier,PCA,100,None,Yes,yes,yes,FCz
1.0,1.0,1.0,1.0,0.375,0.2708333333333333,0.5,0.4375,0.0,0.0,0.0,0.0,0.125,0.21949278651776535,0.4330127018922193,0.2420614591379636,5.0,24.0,0.2,GaussianNB,None,-1,None,Yes,yes,yes,FCz
1.0,1.0,1.0,1.0,0.625,0.6041666666666666,0.625,0.5625,0.0,0.0,0.0,0.0,0.125,0.2997394702070449,0.33071891388307384,0.36975498644372606,5.0,24.0,0.2,GaussianNB,PCA,100,None,Yes,yes,yes,FCz
1.0,1.0,1.0,1.0,0.5,0.5208333333333333,0.875,0.59375,0.0,0.0,0.0,4.965068306494546e-17,0.21650635094610965,0.19432039693935035,0.21650635094610965,0.2706329386826371,5.0,24.0,0.2,Stacking,None,-1,None,Yes,yes,yes,FCz
1.0,1.0,1.0,1.0,0.5625,0.4791666666666666,0.625,0.59375,0.0,0.0,0.0,4.965068306494546e-17,0.10825317547305482,0.1943203969393503,0.33071891388307384,0.24003580462089397,5.0,24.0,0.2,Stacking,None,-1,None,Yes,yes,yes,FCz
0.9666666666666666,1.0,0.9333333333333332,1.0,0.8125,0.9375,0.75,1.0,0.04082482904638632,0.0,0.08164965809277258,0.0,0.16535945694153692,0.16535945694153692,0.25,0.0,5.0,24.0,0.2,LinearSVC,None,-1,None,Yes,yes,yes,Fz
0.9833333333333332,1.0,0.9666666666666668,1.0,0.625,0.5833333333333333,0.5,0.5625,0.03333333333333335,0.0,0.06666666666666668,0.0,0.2795084971874737,0.4330127018922193,0.3535533905932738,0.44633927678392815,5.0,24.0,0.2,LinearSVC,PCA,100,None,Yes,yes,yes,Fz
1.0,1.0,1.0,1.0,0.5625,0.29166666666666663,0.5,0.75,0.0,0.0,0.0,0.0,0.10825317547305482,0.2975595178559521,0.5,0.30618621784789724,5.0,24.0,0.2,SVC,None,-1,None,Yes,yes,yes,Fz
1.0,1.0,1.0,1.0,0.5,0.5,1.0,0.5,0.0,0.0,0.0,0.0,0.0,0.0,0.0,0.0,5.0,24.0,0.2,SVC,PCA,100,None,Yes,yes,yes,Fz
1.0,1.0,1.0,1.0,0.4375,0.3125,0.625,0.625,0.0,0.0,0.0,0.0,0.16535945694153692,0.2420614591379636,0.4841229182759271,0.33071891388307384,5.0,24.0,0.2,RandomForestClassifier,None,-1,None,Yes,yes,yes,Fz
1.0,1.0,1.0,1.0,0.4375,0.4166666666666666,0.5,0.4375,0.0,0.0,0.0,4.965068306494546e-17,0.36975498644372606,0.3535533905932737,0.4330127018922193,0.36975498644372606,5.0,24.0,0.2,RandomForestClassifier,PCA,100,None,Yes,yes,yes,Fz
1.0,1.0,1.0,1.0,0.5625,0.4166666666666666,0.625,0.6875,0.0,0.0,0.0,0.0,0.2420614591379636,0.3535533905932737,0.4841229182759271,0.2997394702070449,5.0,24.0,0.2,AdaBoostClassifier,None,-1,None,Yes,yes,yes,Fz
1.0,1.0,1.0,1.0,0.5625,0.5833333333333333,0.5,0.5625,0.0,0.0,0.0,0.0,0.34798527267687634,0.4330127018922193,0.3535533905932738,0.34798527267687634,5.0,24.0,0.2,AdaBoostClassifier,PCA,100,None,Yes,yes,yes,Fz
1.0,1.0,1.0,1.0,0.375,0.3125,0.625,0.4375,0.0,0.0,0.0,0.0,0.1767766952966369,0.2420614591379636,0.4841229182759271,0.2724311839712921,5.0,24.0,0.2,ExtraTreesClassifier,None,-1,None,Yes,yes,yes,Fz
1.0,1.0,1.0,1.0,0.5625,0.4791666666666666,0.5,0.59375,0.0,0.0,0.0,0.0,0.2072890493972125,0.4034357652299392,0.4330127018922193,0.40864677595693816,5.0,24.0,0.2,ExtraTreesClassifier,PCA,100,None,Yes,yes,yes,Fz
1.0,1.0,1.0,1.0,0.625,0.625,0.75,0.5,0.0,0.0,0.0,0.0,0.1767766952966369,0.33071891388307384,0.3535533905932738,0.30618621784789724,5.0,24.0,0.2,GradientBoostingClassifier,None,-1,None,Yes,yes,yes,Fz
1.0,1.0,1.0,1.0,0.4375,0.4583333333333333,0.375,0.3125,0.0,0.0,0.0,0.0,0.2420614591379636,0.36084391824351614,0.21650635094610965,0.3247595264191645,5.0,24.0,0.2,GradientBoostingClassifier,PCA,100,None,Yes,yes,yes,Fz
1.0,1.0,1.0,1.0,0.6875,0.6666666666666666,0.75,0.75,0.0,0.0,0.0,0.0,0.16535945694153692,0.3227486121839514,0.3535533905932738,0.33071891388307384,5.0,24.0,0.2,XGBClassifier,None,-1,None,Yes,yes,yes,Fz
0.9833333333333332,1.0,0.9666666666666668,0.9944444444444444,0.4375,0.25,0.375,0.4375,0.03333333333333335,0.0,0.06666666666666665,0.011111111111111072,0.2420614591379636,0.2763853991962833,0.414578098794425,0.2724311839712921,5.0,24.0,0.2,XGBClassifier,PCA,100,None,Yes,yes,yes,Fz
0.8095238095238095,0.9314285714285712,0.6809523809523811,0.8886621315192744,0.8125,0.75,0.625,0.875,0.049372479412685036,0.08590455073355947,0.11428571428571427,0.05826892314101707,0.2072890493972125,0.4330127018922193,0.414578098794425,0.33071891388307384,5.0,24.0,0.2,KNeighborsClassifier,None,-1,None,Yes,yes,yes,Fz
0.8095238095238095,0.9314285714285712,0.6809523809523811,0.8886621315192744,0.8125,0.75,0.625,0.875,0.049372479412685036,0.08590455073355947,0.11428571428571427,0.05826892314101707,0.2072890493972125,0.4330127018922193,0.414578098794425,0.33071891388307384,5.0,24.0,0.2,KNeighborsClassifier,PCA,100,None,Yes,yes,yes,Fz
0.9857142857142858,0.975,1.0,0.9857142857142858,0.625,0.4583333333333333,0.625,0.625,0.028571428571428564,0.05,0.0,0.028571428571428564,0.2795084971874737,0.3703414340548162,0.4841229182759271,0.2795084971874737,5.0,24.0,0.2,GaussianNB,None,-1,None,Yes,yes,yes,Fz
1.0,1.0,1.0,1.0,0.5625,0.35416666666666663,0.5,0.75,0.0,0.0,0.0,0.0,0.10825317547305482,0.2818281095514309,0.4330127018922193,0.25,5.0,24.0,0.2,GaussianNB,PCA,100,None,Yes,yes,yes,Fz
1.0,1.0,1.0,1.0,0.5,0.4375,0.75,0.8125,0.0,0.0,0.0,0.0,0.0,0.16535945694153692,0.3535533905932738,0.3247595264191645,5.0,24.0,0.2,Stacking,None,-1,None,Yes,yes,yes,Fz
1.0,1.0,1.0,1.0,0.5,0.5625,0.625,0.6875,0.0,0.0,0.0,0.0,0.2795084971874737,0.3220755173695897,0.33071891388307384,0.40983990776887497,5.0,24.0,0.2,Stacking,None,-1,None,Yes,yes,yes,Fz
